bids_name	cjv	cnr	efc	fber	fwhm_avg	fwhm_x	fwhm_y	fwhm_z	icvs_csf	icvs_gm	icvs_wm	inu_med	inu_range	qi_1	qi_2	rpve_csf	rpve_gm	rpve_wm	size_x	size_y	size_z	snr_csf	snr_gm	snr_total	snr_wm	snrd_csf	snrd_gm	snrd_total	snrd_wm	spacing_x	spacing_y	spacing_z	summary_bg_k	summary_bg_mad	summary_bg_mean	summary_bg_median	summary_bg_n	summary_bg_p05	summary_bg_p95	summary_bg_stdv	summary_csf_k	summary_csf_mad	summary_csf_mean	summary_csf_median	summary_csf_n	summary_csf_p05	summary_csf_p95	summary_csf_stdv	summary_gm_k	summary_gm_mad	summary_gm_mean	summary_gm_median	summary_gm_n	summary_gm_p05	summary_gm_p95	summary_gm_stdv	summary_wm_k	summary_wm_mad	summary_wm_mean	summary_wm_median	summary_wm_n	summary_wm_p05	summary_wm_p95	summary_wm_stdv	tpm_overlap_csf	tpm_overlap_gm	tpm_overlap_wm	wm2max
sub-001_ses-001_acq-original_T2w	1.4621870813397126	0.6354837213439726	0.4924	-1.0	2.6259582620212853	2.4894123663582035	2.875912457145565	2.512549962560088	0.2694984615822255	0.3504447649802088	0.3800567734375657	0.989212691783905	0.30046625435352303	0.0	0.0024372147469420204	8.32717452236892	8.161076404546442	8.193369791215254	240	320	320	1.56733552200057	4.934659013689415	4.333967103912009	6.499906776046043	21.81454310625506	17.666246666733247	18.137346577846134	14.931249960550101	0.8006467819213867	0.800000011920929	0.800000011920929	368.182	0.0	7.1466	0.0	6699736.0	0.0	18.0	50.0635	-1.2635	1681.1984	1715.5889	1667.0	786103.2969963178	100.0	3514.0	1063.5878	53.3806	169.6589	1347.4287	1350.0	1022216.5408613646	938.0	1782.0	273.575	111.6423	135.9382	1153.736	1141.0	1108592.163721493	914.0	1422.0	175.5409	0.2129606550193031	0.5110680439759829	0.5286340203002621	0.29711094194916843
sub-001_ses-001_acq-undistorted_T2w	1.5825696832579184	0.6068519858634748	0.4946	4149.4524	2.5170412519938217	2.3979238327701276	2.7521749589893973	2.40102496422194	0.27112525432169876	0.3457106829108676	0.3831640627674336	0.9879907965660095	0.27457833290100087	0.0	0.0021669654703371597	8.341866049811884	8.179822514904398	8.214470704634122	240	320	320	1.4991954451939884	4.380157084509986	4.068974707204258	6.327571591908799	20.24007270151	15.73714722884092	16.387569797115344	13.185489460995106	0.8006467819213867	0.800000011920929	0.800000011920929	321.3389	0.0	7.5445	0.0	6741335.0	0.0	18.0	56.7416	-1.2822	1867.512	1803.4507	1753.0	789367.3511508079	29.0	3760.0	1169.2931	41.8922	210.9492	1360.7077	1363.0	1006519.0227911876	901.0	1859.0	311.1759	124.895	138.7987	1155.5594	1142.0	1115562.6282014875	910.0	1433.0	180.4799	0.21225177692822778	0.501526479047443	0.5225268384843859	0.2847557249347177
sub-001_ses-004_acq-original_T2w	1.539289108910891	0.6131973837707916	0.4902	4567.2771	2.660695793685876	2.5450124620763592	2.8933874568851667	2.543687462096103	0.26715450384256123	0.3504449709092417	0.38240052524819707	0.9667837619781494	0.303679883480072	0.0	0.0025566602564815314	8.359970419003755	8.192256501930107	8.22548183139672	240	320	320	1.6382774742476085	4.786378006141851	4.322669888767019	6.543354185911598	30.056117795111692	23.150863880378278	24.281447015032366	19.63735936960712	0.800000011920929	0.800000011920929	0.800000011920929	551.4402	0.0	5.5702	0.0	6800667.0	0.0	18.0	37.6654	-1.158	1639.5021	1755.779	1728.0	776224.0902440445	113.0	3522.0	1054.7657	54.6031	176.2916	1329.8343	1331.0	1018226.6247135221	915.0	1772.0	278.0807	100.3038	134.6448	1139.1155	1129.0	1111074.286790062	899.0	1403.0	172.5414	0.21391454853384548	0.507378141659647	0.5261329647210666	0.2936072219964327
sub-001_ses-004_acq-undistorted_T2w	1.6605825471698112	0.5882091892335634	0.4931	4255.2084	2.548754128687271	2.4472874635325748	2.7678999587550766	2.43107496377416	0.2683881039231781	0.34568938947837996	0.3859225065984421	0.9735608696937561	0.27588535845279694	0.0	0.001850281522831777	8.373132060385629	8.209513079153776	8.2452052451127	240	320	320	1.575075233637491	4.2621258144606955	4.046382531618949	6.301946546758662	27.36606890221004	20.137295984645124	21.473707784531072	16.91775846673806	0.800000011920929	0.800000011920929	0.800000011920929	468.7906	0.0	5.7567	0.0	6850768.0	0.0	17.0	43.1394	-1.1682	1793.344	1825.7935	1802.0	778514.9839402325	37.0	3738.0	1144.0716	36.2324	215.4418	1325.8435	1326.0	1002743.2869196857	869.0	1826.0	311.1122	123.8798	136.6017	1126.3731	1114.0	1119447.7312327472	884.0	1397.0	176.7707	0.2124577364974466	0.4972777606675663	0.5192124129609101	0.28060504314774715
sub-001_ses-005_acq-original_T2w	1.2808192307692308	0.6954459630562806	0.4934	-1.0	2.677266626772285	2.558774961871282	2.9166624565383428	2.556362461907231	0.2673034923818385	0.3555443710647691	0.37715213655339247	0.9811480343341827	0.3539437681436538	0.0	0.0025738835272555768	8.36600466801872	8.20540679646763	8.237910115377503	240	320	320	1.6102478813456174	5.305189407022809	4.552903944192311	6.743274544208505	28.221721384147866	23.422958392785173	23.78569016784481	19.712390726601384	0.800000011920929	0.800000011920929	0.800000011920929	590.0305	0.0	4.4933	0.0	6943113.0	0.0	17.0	36.7244	-1.2163	1529.3631	1622.2754	1582.0	776033.3611759599	96.0	3264.0	982.4568	58.5793	141.6102	1310.4532	1313.0	1032213.5744131864	934.0	1701.0	247.4934	117.6936	124.8002	1117.3799	1105.0	1094945.066359745	895.0	1369.0	163.8669	0.21329335346743072	0.5140942988956076	0.5280729540848241	0.3017936716032343
sub-001_ses-005_acq-undistorted_T2w	1.3572413636363636	0.6717930062667689	0.4995	-1.0	2.5545457952676345	2.4536499634377664	2.7800499585740273	2.42993746379111	0.2683104622638775	0.3507819211496026	0.38090761658651995	1.0035264492034912	0.3232391238212584	0.0	0.002172869640829375	8.381789761321869	8.224246989799779	8.25824178146348	240	320	320	1.5401632731312438	4.735398616119449	4.295441264748738	6.610761904995522	24.036036208311188	19.214261671977244	19.753251574830283	16.009456844202422	0.800000011920929	0.800000011920929	0.800000011920929	452.796	0.0	4.8594	0.0	7007151.0	0.0	17.0	44.9731	-1.2444	1679.7922	1692.3615	1650.0	777451.5664773406	28.0	3484.0	1071.3143	48.4783	172.0756	1316.0006	1319.0	1016419.3814458093	900.0	1759.0	278.5403	121.6139	126.5175	1112.0441	1099.0	1103711.0543497766	885.0	1372.0	166.244	0.21354978902339547	0.5060422948122696	0.5235110920705918	0.2916502863124126
sub-001_ses-006_acq-original_T2w	1.4566063414634145	0.6473852138175762	0.4984	-1.0	2.6763783285160687	2.5046850678689245	2.926699956388772	2.597749961290509	0.26883594610936956	0.355112020938311	0.3760520329523193	0.9807453751564026	0.35195432305335983	0.0	0.0028091982216722146	8.344606976387407	8.18587682429827	8.219988758838655	240	320	320	1.6007885183312383	4.982701456413535	4.380177562120483	6.557042711616677	31.560617167788216	27.125292959432816	27.200583956796873	22.915841743169583	0.8006795048713684	0.800000011920929	0.800000011920929	756.3847	0.0	5.3969	0.0	6778764.0	0.0	26.0	31.9051	-1.27	1513.5713	1583.1152	1537.0	781649.116469779	122.0	3220.0	960.1512	46.2991	170.1723	1320.8947	1321.0	1032499.5649997805	916.0	1741.0	265.1171	95.9923	128.432	1124.4795	1116.0	1093383.3200425578	883.0	1384.0	170.1986	0.21702186324265937	0.5145970981854057	0.5229431995898788	0.30743740661497226
sub-001_ses-006_acq-undistorted_T2w	1.531626728110599	0.6287125374341409	0.5036	4169.7503	2.555350247657424	2.397838321474755	2.7944624583592645	2.4737499631382533	0.2720092995837549	0.3505769165678034	0.37741378384844165	1.0007625818252563	0.33818429708480835	0.0	0.0028613701747521912	8.345190152123454	8.189166785945616	8.225104307344678	240	320	320	1.5125586463986935	4.498769009184137	4.118338234885685	6.343687049074222	31.063794509878534	25.883249469359605	26.20135311219849	21.65701535735732	0.8006795048713684	0.800000011920929	0.800000011920929	739.2158	0.0	5.3238	0.0	6805644.0	0.0	19.0	33.6386	-1.3211	1684.2454	1649.0627	1595.0	790861.8708641473	49.0	3432.0	1054.5039	37.0841	200.2549	1328.4508	1329.0	1019295.7246052761	881.0	1800.0	295.414	102.6914	132.1081	1121.449	1112.0	1097323.40637269	874.0	1392.0	175.2923	0.21440562961527734	0.5067318903378758	0.5190982166825754	0.2979111575091889
sub-001_ses-007_acq-original_T2w	1.3966133971291865	0.663232606026686	0.4897	-1.0	2.6665249602656815	2.5492624620130293	2.901249956768007	2.549062462016009	0.2651602745167074	0.3538302324316774	0.3810094930516152	0.9774098992347717	0.33019551634788513	0.0	0.0037547016469818505	8.360550767709759	8.196652121396113	8.229293193502471	240	320	320	1.598722942978405	5.012840850853405	4.438181078004372	6.7029794401813065	32.50020298918708	26.304975500992466	26.991134882006566	22.168226155840152	0.800000011920929	0.800000011920929	0.800000011920929	650.8401	0.0	3.9912	0.0	6870001.0	0.0	17.0	33.0993	-1.1767	1590.9827	1681.6226	1642.0	770309.4242837923	98.0	3399.0	1027.0691	60.2709	161.4422	1327.5721	1329.0	1027901.9477386771	928.0	1748.0	265.119	101.437	130.45	1131.6588	1120.0	1106859.6296115108	900.0	1390.0	167.0898	0.2172218076042971	0.5133586065255628	0.5292178174727737	0.2895230657077309
sub-001_ses-007_acq-undistorted_T2w	1.4437973094170404	0.6482167104554538	0.4948	-1.0	2.5512166286505766	2.451024963476882	2.773174958676473	2.4294499637983744	0.26828337540016867	0.3492591243542637	0.3824575002455676	1.0026050806045532	0.3077693581581117	0.0	0.0019734001862981437	8.367835132648505	8.208390605055587	8.243192927940559	240	320	320	1.5284477617798242	4.52607854682684	4.17999245246568	6.485451048790376	29.959732476420193	23.41479091907139	24.295616387128135	19.512325765892825	0.800000011920929	0.800000011920929	0.800000011920929	575.5639	0.0	3.9169	0.0	6877347.0	0.0	16.0	37.4367	-1.2216	1753.7184	1756.2665	1712.0	778640.1824395023	28.0	3623.0	1120.0899	43.9207	190.2236	1335.9078	1338.0	1013656.5036884269	895.0	1809.0	295.62	118.1429	131.7432	1127.9607	1115.0	1110008.316103725	891.0	1396.0	171.9232	0.2134061518977624	0.5030445999405847	0.521397855039385	0.28158846106169044
sub-001_ses-008_acq-original_T2w	1.3501985915492958	0.6673517171727233	0.4978	-1.0	2.7072770317406056	2.5926436776131294	2.926062456398272	2.6031249612104155	0.2673108782339724	0.3540766633611497	0.3786124584048778	0.98881396651268	0.36096586287021637	0.0	0.0024240843399627164	8.356615595115901	8.1960913730965	8.229822930132492	240	320	320	1.5954735696153968	5.041911279620324	4.436486518798586	6.6720747071600375	20.433683642957543	16.881094994798467	17.170845132768886	14.197756760550648	0.7996355295181274	0.800000011920929	0.800000011920929	316.9621	0.0	6.4659	0.0	6888974.0	0.0	18.0	52.0039	-1.209	1583.7209	1665.4821	1622.0	776745.5349681675	110.0	3394.0	1016.6254	57.3339	157.984	1337.6992	1340.0	1028867.4711602022	937.0	1757.0	265.7721	106.8191	129.6083	1137.7104	1127.0	1100162.9955811303	905.0	1398.0	168.9129	0.21700762351093755	0.5141223307721339	0.5297141534301185	0.29494616471327345
sub-001_ses-008_acq-undistorted_T2w	1.3877554585152838	0.6599098065792766	0.5047	4090.6405	2.5921955472445273	2.4950617204344354	2.798512458298915	2.483012463000231	0.2692526282614594	0.34966716553289573	0.38108020620564487	1.0023471117019653	0.3281096816062927	0.0	0.0019394230076559549	8.364486433113209	8.208655746980039	8.244866284249312	240	320	320	1.526253316417823	4.522816775661282	4.178636337394643	6.486838920104824	20.34525060855967	16.213376672617027	16.668446609031765	13.446712545918594	0.7996355295181274	0.800000011920929	0.800000011920929	317.3084	0.0	6.3224	0.0	6917528.0	0.0	18.0	54.2264	-1.2474	1735.1788	1731.7795	1684.0	781573.3364622341	39.0	3609.0	1103.3548	43.7971	187.2575	1339.0826	1342.0	1014996.7150978271	897.0	1812.0	296.7176	121.0075	130.5385	1126.0406	1113.0	1106180.9503847838	891.0	1395.0	171.5781	0.21515472348975484	0.5053223831974699	0.5243720404363247	0.28618527820652495
sub-001_ses-009_acq-original_T2w	1.4142452488687782	0.6494883890765053	0.4964	4511.7165	2.777299958615006	2.673562460160815	2.9591124559057884	2.6992249597784137	0.2646399881416735	0.3547093614976629	0.3806506503606636	0.9831580519676208	0.3268075883388518	0.0	0.0032881929130626915	8.345275813022639	8.187078394217716	8.223766180646418	240	320	320	1.6388568874645608	4.740603871478828	4.269447471648178	6.428881656001144	22.89383041108836	18.69754538982517	19.082778113088676	15.656958538352495	0.800000011920929	0.800000011920929	0.800000011920929	402.7209	0.0	6.5513	0.0	6926998.0	0.0	18.0	47.6175	-1.112	1563.2768	1706.7083	1664.0	769477.5508695254	135.0	3451.0	1015.3412	54.573	176.6287	1359.3673	1359.0	1031366.7736774439	926.0	1814.0	286.6722	95.9579	135.9195	1146.9688	1138.0	1106794.6769239272	899.0	1417.0	177.0136	0.22221255986279842	0.5100601498317431	0.5280145340760926	0.2866405314121356
sub-001_ses-009_acq-undistorted_T2w	1.4399177215189873	0.6454275811166625	0.5005	3940.9078	2.659829127032124	2.570237461700477	2.832999957785011	2.576249961610884	0.26779236115347327	0.3499877773492904	0.38221986149723647	0.9982062578201294	0.30070865750312814	0.0	0.0020417815245743786	8.349377223616756	8.195963179285146	8.234743636413986	240	320	320	1.5626237701010948	4.300564859249818	4.044618528554683	6.270666956313139	22.33211751361431	17.650413435556953	18.186453422333603	14.57682931782955	0.800000011920929	0.800000011920929	0.800000011920929	395.7516	0.0	6.4831	0.0	6912274.0	0.0	18.0	50.5167	-1.1717	1717.126	1767.7077	1722.0	778242.896315895	58.0	3676.0	1101.992	40.5944	204.162	1360.9341	1361.0	1017114.5298777751	888.0	1868.0	316.4699	100.7918	137.0985	1135.4237	1124.0	1110785.5756594702	885.0	1413.0	179.2472	0.21799254519671887	0.49991624363991255	0.5208652795537383	0.27943044783151627
sub-001_ses-010_acq-original_T2w	1.3348490291262136	0.681420567692662	0.4997	-1.0	2.675696900494652	2.546828283146231	2.923912456430309	2.5563499619074173	0.2680127865612035	0.35589976115380345	0.3760874522849931	0.9953474700450897	0.3982564032077789	0.0	0.0035930395437496787	8.358955136353442	8.199335102913249	8.231534547408176	240	320	320	1.5857081083242413	5.243641489202961	4.515775290194868	6.717976273057403	28.469041338961375	24.37290974006133	24.46558240066993	20.554796122987085	0.7998576164245605	0.800000011920929	0.800000011920929	603.2816	0.0	4.0727	0.0	6942938.0	0.0	17.0	35.3468	-1.2387	1509.8517	1576.7159	1536.0	778433.4905814109	95.0	3207.0	968.6518	59.8343	147.7971	1313.905	1315.0	1033698.0445102	930.0	1709.0	250.7798	93.8725	127.1818	1119.3781	1109.0	1092332.4666796166	889.0	1375.0	165.0794	0.21370060325971835	0.513566767267381	0.5255258301178437	0.3020614329868955
sub-001_ses-010_acq-undistorted_T2w	1.427813888888889	0.6543333385461667	0.5054	-1.0	2.5532197950514663	2.441084462917225	2.7894624584337704	2.4291124638034036	0.2688349218338842	0.3509499227574576	0.3802151554086583	1.020432472229004	0.38981473445892334	0.0	0.0014453716917706115	8.367571691402565	8.209279365437213	8.243293033978722	240	320	320	1.5105105207021308	4.668760176932455	4.253265268948051	6.580525109209569	27.81787887214935	23.027119091527776	23.365153236632462	19.25046174622026	0.7998576164245605	0.800000011920929	0.800000011920929	575.4904	0.0	3.8517	0.0	6969308.0	0.0	16.0	37.4695	-1.2809	1661.8748	1636.8556	1591.0	779981.7814987749	20.0	3391.0	1053.2856	48.8042	179.2884	1314.2403	1317.0	1018225.4005614738	890.0	1762.0	282.0876	94.0031	129.1194	1112.6231	1101.0	1103133.8199868498	878.0	1376.0	167.3118	0.21649092342507265	0.5074438017971856	0.5236572220895709	0.291878018458962
sub-001_ses-011_acq-original_T2w	1.3530235576923078	0.6748864823752522	0.4929	-1.0	2.684637459995784	2.578174961582199	2.910237456634083	2.5654999617710716	0.26667066999249056	0.3553383192727468	0.37799101073476266	0.9874757528305054	0.3446997702121736	0.0	0.002390049604425153	8.358472981427534	8.195942425699396	8.228912836909354	240	320	320	1.5800795382889483	5.107664110418445	4.455111903269196	6.677592061100195	31.555083874280264	26.349295925477684	26.696348455397857	22.184665566435616	0.800000011920929	0.800000011920929	0.800000011920929	657.9644	0.0	3.9912	0.0	6858591.0	0.0	17.0	32.7204	-1.2188	1549.8721	1622.8923	1576.0	774737.7643283075	97.0	3316.0	997.4175	59.9138	153.9108	1313.1671	1316.0	1032337.0585197781	923.0	1717.0	257.6519	101.1878	127.5181	1120.1917	1108.0	1098148.1788045673	891.0	1377.0	165.928	0.21570475048436155	0.5144929099743724	0.5278320441635782	0.2949754489920604
sub-001_ses-011_acq-undistorted_T2w	1.450751376146789	0.647844319849965	0.4984	-1.0	2.5647582951154564	2.4746999631240967	2.777862458606624	2.441712463615649	0.2697915538519644	0.35042191363303604	0.37978653251499955	1.012317419052124	0.3257914304733275	0.0	0.001818348383483575	8.371944824959941	8.212719723070999	8.247295853723056	240	320	320	1.5099839133107966	4.607811015021705	4.210948050082435	6.515049221914806	29.702445565731555	23.93147860699804	24.544643846363474	20.000007366360833	0.800000011920929	0.800000011920929	0.800000011920929	606.6221	0.0	3.8102	0.0	6895511.0	0.0	17.0	36.3273	-1.2509	1707.9467	1700.154	1647.0	782508.0097949039	28.0	3545.0	1090.7394	48.1737	185.4627	1324.2074	1327.0	1016369.6761832938	893.0	1780.0	287.9891	109.0071	130.8011	1121.12	1109.0	1101539.3160465166	885.0	1387.0	170.2212	0.21227811632947532	0.504661027877893	0.5220085501951199	0.2858741959635403
sub-001_ses-015_acq-original_T2w	1.3764916279069768	0.6673430272478612	0.4876	4554.5542	2.7313068919349166	2.616295758917838	2.9527124560011555	2.6249124608857564	0.268452901430182	0.35142419190393104	0.38012290666588694	0.9581344723701477	0.3747850567102433	0.0	0.0027414345727412815	8.372016903637439	8.212510911268737	8.247234565880769	240	320	320	1.6499756878896952	4.839109971312045	4.332789336915169	6.509282351543765	45.34072177353513	36.20674696979212	37.28563488454855	30.309435910318406	0.7997413873672485	0.800000011920929	0.800000011920929	1004.7285	0.0	4.6255	0.0	6891859.0	0.0	18.0	23.8845	-1.1644	1559.4984	1683.231	1653.0	778499.9919429701	114.0	3335.0	1001.8323	51.0602	164.3484	1319.1875	1320.0	1019112.585888469	911.0	1756.0	272.7773	105.9791	131.5973	1117.3342	1105.0	1102337.4238094958	885.0	1378.0	169.7575	0.21617238728678126	0.5080353254180916	0.5255942536993722	0.29593267028645015
sub-001_ses-015_acq-undistorted_T2w	1.4469867841409692	0.645681723398036	0.4906	4152.8727	2.6038074447505033	2.505409913317256	2.812024958097563	2.493987462836691	0.27132324466880847	0.34638909003883395	0.38228766529235775	0.9832289218902588	0.35116643905639655	0.0	0.0025154234460999137	8.37692686121659	8.221772080454938	8.25793839967028	240	320	320	1.575050331547884	4.351333337816474	4.088137817892916	6.338029784314389	34.713693738993065	26.65947245384386	27.820622689119535	22.08870187452169	0.7997413873672485	0.800000011920929	0.800000011920929	691.397	0.0	4.9185	0.0	6950061.0	0.0	18.0	32.5363	-1.1896	1721.0193	1753.8122	1724.0	786336.2761101779	42.0	3546.0	1094.5675	41.3545	195.1649	1323.4575	1324.0	1003888.5812338312	874.0	1814.0	304.2744	117.9114	133.3011	1109.9361	1097.0	1107928.1448804105	872.0	1379.0	173.0821	0.2119002108254846	0.49866908354626616	0.5184131367705126	0.2846812379966843
sub-001_ses-016_acq-original_T2w	1.384077777777778	0.6656406729707192	0.4907	-1.0	2.7127539282472086	2.6003868672623924	2.927887456371077	2.609987461108156	0.26922676679378726	0.3513868180970333	0.3793864151091795	0.9846528470516205	0.34067703783512115	0.0	0.0027037952116248758	8.336858155860075	8.180505463074788	8.216487507428198	240	320	320	1.6204337838345253	4.758570786300455	4.294343164464459	6.504024923258398	27.357106696254537	22.314623834227966	22.767574134604814	18.630991873331933	0.8003039956092834	0.800000011920929	0.800000011920929	533.5331	0.0	5.1456	0.0	6966782.0	0.0	18.0	40.0164	-1.1875	1609.1175	1713.8021	1671.0	783719.1185863502	120.0	3461.0	1031.2047	44.7284	176.1937	1362.4325	1363.0	1022887.028067315	931.0	1823.0	286.4304	95.9609	135.2238	1149.2008	1138.0	1104393.8550164346	906.0	1421.0	174.9685	0.2163646591389566	0.5082614492440802	0.5252704811034602	0.29353304380228185
sub-001_ses-016_acq-undistorted_T2w	1.4691584033613447	0.640064552402034	0.4967	-1.0	2.593908479431225	2.4986755170172534	2.795937458337285	2.487112462939136	0.27158658005628916	0.34690330519792917	0.3815101147457817	1.0020671486854553	0.3134472131729127	0.0	0.0022746694984221256	8.349041907993414	8.195035664307259	8.232879931879124	240	320	320	1.546457414276988	4.269145585329847	4.026432856496907	6.263695569883886	27.12003661773263	21.293103035865506	22.005972569817335	17.604778055853867	0.8003039956092834	0.800000011920929	0.800000011920929	519.8569	0.0	4.9241	0.0	6997548.0	0.0	18.0	42.2746	-1.2175	1784.0461	1795.9065	1750.0	789414.7378736017	45.0	3710.0	1131.6179	36.1746	210.8973	1373.0751	1374.0	1008336.2060214864	893.0	1894.0	321.8441	108.4322	138.7624	1149.3219	1136.0	1108927.0580517948	897.0	1433.0	181.3625	0.21369960246009118	0.49937561974915684	0.5198293789670406	0.2829502073305292
sub-001_ses-018_acq-original_T2w	1.566334597156398	0.608706844731407	0.4907	-1.0	2.6843396641449684	2.557231574328519	2.9133499565877026	2.582437461518683	0.2655229798245866	0.3517249519943492	0.38275206818106405	0.9829520881175995	0.32026525735855094	0.0	0.0012718454337121991	8.354197930339538	8.18711031771738	8.221822703318281	240	320	320	1.6349236574425765	4.665264006049374	4.220637315493197	6.36172428298764	25.25787636516163	19.922734656085243	20.67306508822932	16.838584243441087	0.8001700043678284	0.800000011920929	0.800000011920929	414.3829	0.0	6.662	0.0	6725366.0	0.0	19.0	44.8207	-1.1567	1646.5492	1764.4271	1728.0	771640.0493833171	122.0	3533.0	1056.9294	52.8928	191.1027	1361.6992	1363.0	1022152.8076611817	924.0	1825.0	292.1591	107.0653	139.3939	1163.3025	1152.0	1112321.1444369864	912.0	1439.0	181.0829	0.22132848142104639	0.509593810918078	0.5282795216734189	0.2912909974317053
sub-001_ses-018_acq-undistorted_T2w	1.6840236363636365	0.5853138974460436	0.4966	3967.7338	2.5674758653813945	2.4579401742931366	2.7830249585296967	2.461462463321351	0.2686854601813473	0.3474105482694601	0.38390399154919247	0.9943796992301941	0.3027474462985993	0.0	0.0013599933378171095	8.369261854145572	8.206085996735874	8.242595716596997	240	320	320	1.5693122237640122	4.216564997937218	3.9885999843420934	6.17992273132505	24.343545261997686	18.3755372093884	19.376941118893196	15.411740885293499	0.8001700043678284	0.800000011920929	0.800000011920929	380.3386	0.0	6.6828	0.0	6761948.0	0.0	19.0	48.6302	-1.1681	1808.5376	1844.8261	1807.0	779413.2621245105	46.0	3759.0	1151.4591	38.7263	227.979	1364.1146	1364.0	1007782.0680747149	883.0	1881.0	323.4859	107.5963	142.5062	1155.5072	1144.0	1113643.6716524235	896.0	1441.0	185.1155	0.21586275879471675	0.4988106404785764	0.5197749310396523	0.2808784107752394
sub-001_ses-019_acq-original_T2w	1.743276923076923	0.5638214581705552	0.47	3885.4444	2.7701647441806503	2.609956817486577	2.9825249555569147	2.7180124594984583	0.26960174318016794	0.3495182233303012	0.38088003348953087	0.9958981871604919	0.38309625983238216	0.0	0.002361977189415357	8.297685225765976	8.135105950376564	8.175514333664546	240	320	320	1.6074824046157585	4.065771736202469	3.8203345279809544	5.787749443124636	24.62520041482337	19.551090434120532	20.186548652042827	16.38335510718458	0.8008178472518921	0.800000011920929	0.800000011920929	440.5092	0.0	10.5381	0.0	6719152.0	0.0	37.0	45.7062	-1.2381	1743.1197	1774.33	1718.0	787828.0573552102	146.0	3548.0	1068.7513	39.835	234.3893	1362.5407	1364.0	1021359.356391622	857.0	1893.0	335.4835	88.5577	150.8749	1151.9902	1143.0	1113004.5871732987	871.0	1450.0	197.486	0.22323290145714594	0.5048226241645463	0.525579793767369	0.2904471010018282
sub-001_ses-019_acq-undistorted_T2w	1.885044351464435	0.5382960216440017	0.4704	3547.7288	2.6452435436614468	2.5009932119682388	2.8415499576576058	2.5931874613584953	0.27287129395106724	0.34569532340895975	0.3814333826399731	1.0124105215072632	0.33635926246643066	0.0	0.0025256806323553345	8.31876096660321	8.15788549092108	8.198989505999915	240	320	320	1.5325002595290556	3.7309740044787016	3.6142931663796367	5.579405235131152	22.746789252192304	17.27360622218305	18.139692328030666	14.398681509716651	0.8008178472518921	0.800000011920929	0.800000011920929	375.2773	0.0	11.6113	0.0	6763205.0	0.0	39.0	54.4632	-1.2391	2025.4745	1954.9569	1891.0	795534.7008203557	65.0	3980.0	1233.9305	27.7373	287.6112	1435.7414	1436.0	1007847.405643408	856.0	2048.0	384.8859	95.8119	162.9144	1206.8258	1197.0	1112038.8940428537	900.0	1533.0	214.5389	0.21593247909535812	0.4951920321471564	0.5171097459742796	0.278258406499854
sub-001_ses-020_acq-original_T2w	1.5550544117647058	0.6144495300065091	0.496	4365.2914	2.725001405339139	2.57819179941642	2.9339374562809253	2.662874960320071	0.26765520140116283	0.35117574268285345	0.38116905591598366	0.9624532461166382	0.3378556311130524	0.0	0.0023312261411206616	8.342763185562935	8.17997101868141	8.215127912069189	240	320	320	1.6540929000358218	4.738077281795698	4.313815544653472	6.549276452128894	26.424922604806746	21.136762011416934	21.819617583536342	17.89716813438534	0.7995021939277649	0.800000011920929	0.800000011920929	485.4693	0.0	7.5349	0.0	6818384.0	0.0	30.0	41.2545	-1.1811	1578.6276	1701.6155	1664.0	778731.5673658215	134.0	3385.0	1005.9888	46.159	185.0746	1331.0688	1331.0	1021731.0744893552	909.0	1777.0	280.9155	99.3202	132.1565	1135.9809	1127.0	1108995.359667667	895.0	1398.0	172.08	0.21781816515602687	0.507149357999383	0.5233456116657628	0.30039377783533694
sub-001_ses-020_acq-undistorted_T2w	1.638214418604651	0.5965341575348893	0.4979	4125.4929	2.608689016207115	2.4782796283095863	2.804637458207645	2.5431499621041125	0.27008895915629877	0.3464508394104779	0.38346020143322335	0.9779018759727478	0.30365891456604	0.0	0.002543886937775513	8.352454380373688	8.193707170293186	8.230268774286042	240	320	320	1.5838200762463222	4.276621868759408	4.063459566085885	6.329936753251924	25.73161483465764	19.72855953048924	20.667308919618453	16.54175239370848	0.7995021939277649	0.800000011920929	0.800000011920929	468.242	0.0	7.448	0.0	6828155.0	0.0	30.0	44.1992	-1.1918	1729.4556	1772.009	1736.0	784924.1608932223	58.0	3592.0	1096.0834	37.4812	217.4871	1332.4511	1331.0	1006844.6902253908	871.0	1831.0	311.2268	114.2526	134.729	1126.888	1116.0	1114400.1509211618	882.0	1397.0	176.305	0.21338673140304484	0.4963006547090707	0.5152550969702895	0.2886107581699686
sub-001_ses-021_acq-original_T2w	1.554570792079208	0.6161211613428216	0.4953	4421.227	2.7301416259843863	2.604124961195514	2.953074955995754	2.6332249607618907	0.268213088782568	0.3513209272220507	0.38046598399538134	0.9696930348873138	0.3100496649742126	0.0	0.000944208775774638	8.336290575718374	8.17194563487235	8.206421767223276	240	320	320	1.6080054998606432	4.719651686284104	4.273247621647212	6.492085678796891	31.433819206375407	25.313106252799848	26.053255558437275	21.412841216136563	0.800000011920929	0.800000011920929	0.800000011920929	548.6874	0.0	7.1161	0.0	6764307.0	0.0	30.0	33.9304	-1.2091	1595.3061	1672.4472	1628.0	781073.5283424156	124.0	3375.0	1012.4337	53.0327	183.1775	1310.381	1311.0	1023095.0228842476	894.0	1748.0	277.7746	95.651	130.8458	1118.7912	1109.0	1107969.4502696306	878.0	1380.0	170.8233	0.21782920426066743	0.5109305956320371	0.5274616060749165	0.29427179202518605
sub-001_ses-021_acq-undistorted_T2w	1.6402981566820276	0.5963455469995841	0.4971	3975.8985	2.614283294377476	2.504049962686748	2.8231374579319732	2.515662462513708	0.27010412725847677	0.3471155638259892	0.3827803089155341	0.9847431778907776	0.27485838532447804	0.0	0.0008814455061094844	8.348340176445902	8.187951593947712	8.224442367398606	240	320	320	1.533481379248021	4.25300626654071	4.008795180390479	6.239897895382707	24.05917585370285	18.66756776076013	19.45180166518816	15.628661381101502	0.800000011920929	0.800000011920929	0.800000011920929	425.1537	0.0	8.0014	0.0	6789886.0	0.0	30.0	46.7815	-1.2384	1780.0974	1766.9081	1718.0	785435.7921613213	55.0	3652.0	1120.3259	38.2629	219.3071	1332.189	1333.0	1009377.3487003733	867.0	1831.0	313.4252	115.1252	136.6376	1127.1704	1116.0	1113086.8610131259	880.0	1402.0	178.849	0.21516840201570692	0.5011468761095661	0.5209251929763877	0.28367762090224796
sub-001_ses-022_acq-original_T2w	1.5469352040816327	0.6129164133900684	0.4988	4314.345	2.723812459412031	2.614674961038307	2.945662456106209	2.6110999610915786	0.2664243278926933	0.35383715769501717	0.37973851441228945	0.9591135382652283	0.36212168931961064	0.0	0.0018948241685410314	8.348105313465545	8.181957304697214	8.21496166478384	240	320	320	1.6085194621105614	4.914808186007248	4.3726754100589265	6.59469858205897	22.464436257157896	18.331761843162408	18.79715310599974	15.595261217678914	0.800000011920929	0.800000011920929	0.800000011920929	371.7493	0.0	7.5936	0.0	6772470.0	0.0	29.0	46.9237	-1.1931	1559.1647	1654.4035	1609.0	774870.9134622132	115.0	3337.0	1000.2981	58.3273	173.5981	1312.376	1313.0	1029103.1745060488	910.0	1730.0	267.1517	99.0036	129.6012	1125.7269	1117.0	1104434.9135336762	888.0	1384.0	169.3784	0.21680025246487714	0.509335398293596	0.5238329479820923	0.29683626726015117
sub-001_ses-022_acq-undistorted_T2w	1.6087504761904763	0.6005272050332091	0.5017	3913.128	2.604045794530027	2.5118374625707047	2.815224958049879	2.4850749629694975	0.26834121106177794	0.34969122532917835	0.3819675636090437	0.9793929159641266	0.33033697307109844	0.0	0.002295718535967029	8.364231906003685	8.202927445008697	8.238279913655408	240	320	320	1.5378192925947642	4.422007890375309	4.118720971373091	6.3963357311492	18.704463591736552	14.717900306811208	15.265075659644099	12.372863080384535	0.800000011920929	0.800000011920929	0.800000011920929	276.7053	0.0	8.7389	0.0	6843235.0	0.0	29.0	58.668	-1.2191	1709.18	1723.4506	1675.0	778904.3735979116	43.0	3548.0	1089.204	46.437	206.3598	1317.415	1318.0	1015036.1315728092	874.0	1787.0	298.0545	116.3874	131.4778	1119.0361	1108.0	1108723.4968136444	878.0	1384.0	173.2241	0.21589185626953525	0.5022367268516803	0.5197388471235724	0.285438309033268
sub-001_ses-023_acq-original_T2w	1.4769407960199004	0.6273776952824871	0.495	-1.0	2.6854999599829323	2.573899961645902	2.918399956512452	2.5641999617904427	0.2668515009466941	0.35328533536119905	0.3798631636921068	0.9767013788223267	0.3228642523288725	0.0	0.0020932584700527864	8.378640206116868	8.211045355246908	8.243660237305688	240	320	320	1.6410761407938317	4.962566220738679	4.3719357221461665	6.51216480490599	24.244303311794102	19.146337501906697	19.87530799176749	16.235283161601668	0.800000011920929	0.800000011920929	0.800000011920929	426.3282	0.0	6.3353	0.0	6657217.0	0.0	18.0	45.2353	-1.1445	1575.3434	1707.0266	1674.0	773573.1480235439	113.0	3414.0	1020.0617	59.5844	165.8343	1319.9917	1322.0	1024135.3264132797	919.0	1740.0	266.3943	113.8069	131.0308	1132.0371	1121.0	1101181.5272277044	894.0	1394.0	172.1393	0.2144123341484629	0.5093435094069847	0.5243928983557686	0.2940059941871785
sub-001_ses-023_acq-undistorted_T2w	1.5865142180094787	0.5997030449051637	0.4986	4135.9336	2.5700791283695033	2.47427496313043	2.7897249584298587	2.446237463548221	0.26852341336950475	0.3487133189887932	0.38276326764170204	0.9965673685073853	0.3048011511564255	0.0	0.0021004842082202975	8.388316466083106	8.222951002050252	8.258125420526842	240	320	320	1.571224101072163	4.433192231201805	4.1118108045292265	6.331016081313712	22.785840196909998	17.26790168768678	18.194049798254444	14.528407510166549	0.800000011920929	0.800000011920929	0.800000011920929	382.7804	0.0	6.4446	0.0	6696371.0	0.0	18.0	50.4596	-1.1807	1748.9159	1788.1616	1755.0	777485.3768421626	43.0	3637.0	1116.9628	44.4484	201.0715	1327.1995	1330.0	1009668.0316319605	879.0	1803.0	300.0094	120.8916	133.683	1131.3428	1119.0	1108256.5935292956	886.0	1403.0	176.7488	0.21426614906380165	0.5024316908323432	0.5225613367153855	0.28524621583454274
sub-001_ses-025_acq-original_T2w	1.524221198156682	0.6233066573582509	0.4883	-1.0	2.738070792532899	2.616287461014279	2.971262455724739	2.6266624608596794	0.2670352351636527	0.3510794233838616	0.38188534145248565	0.9739418029785156	0.3292591035366057	0.0	0.002966138825287736	8.362485921054043	8.198862688041935	8.233626700602466	240	320	320	1.6704205658061357	4.64995264686329	4.213700346869282	6.320727827938422	29.918156790257687	23.201835878159024	24.213806789998802	19.521427701579707	0.800000011920929	0.800000011920929	0.800000011920929	543.2609	0.0	6.2976	0.0	6875013.0	0.0	20.0	38.6274	-1.0727	1611.9994	1790.3415	1764.0	775207.0266107637	132.0	3554.0	1056.0208	53.5549	190.086	1367.9125	1368.0	1019188.4817703248	927.0	1837.0	294.1964	105.1849	140.67	1161.5694	1151.0	1108618.4932568516	907.0	1439.0	182.0992	0.21787895981851643	0.5055766806871889	0.522772960470578	0.28617977666115013
sub-001_ses-025_acq-undistorted_T2w	1.6136176724137932	0.6087902132437377	0.4907	-1.0	2.6148582943689083	2.5098499626003212	2.834562457761728	2.500162462744676	0.2680635723366188	0.3470427778458469	0.3848936498175342	0.9958082735538483	0.2986280620098114	0.0	0.0019749865493340706	8.373667861650585	8.213230357684203	8.250565409175683	240	320	320	1.6047294353689312	4.19417722936085	4.008778723945542	6.227429507106845	32.05211832743002	23.73533802463718	25.1842147029015	19.765187756637303	0.800000011920929	0.800000011920929	0.800000011920929	586.8636	0.0	4.1335	0.0	6904386.0	0.0	19.0	38.2836	-1.1014	1804.4607	1894.5455	1873.0	777142.0308309114	59.0	3841.0	1167.1742	34.5873	228.8848	1386.0032	1387.0	1006110.32976031	892.0	1922.0	330.6964	104.1135	145.4745	1166.5303	1155.0	1115843.6413639456	904.0	1457.0	185.4697	0.2175876245126702	0.49802338121281503	0.5195988311491135	0.27666768827864846
sub-001_ses-026_acq-original_T2w	1.4655990909090908	0.6412573435212378	0.4836	4199.04	2.7022603258774223	2.552268560400952	2.9294374563479804	2.625074960883335	0.2714136685125168	0.3510464469056889	0.3775398845817943	0.964819073677063	0.32705224752426143	0.0	0.00257290681859343	8.321868300100338	8.164449391123972	8.199798233803481	240	320	320	1.5885085165208368	4.710444856672607	4.206004520304414	6.319060187719798	39.79493684824728	33.472834812010944	33.7832222504825	28.08189509118927	0.7997904419898987	0.800000011920929	0.800000011920929	807.2534	0.0	6.2322	0.0	6931006.0	0.0	29.0	26.7356	-1.2482	1613.9093	1676.1637	1624.0	791266.6531321518	129.0	3400.0	1022.342	44.673	185.7787	1365.5467	1366.0	1023424.3126343805	929.0	1827.0	289.9937	112.9896	136.6531	1157.4548	1146.0	1100662.0356821069	907.0	1432.0	181.356	0.21517631418679115	0.5074279250456236	0.5217287378824994	0.29663618476619197
sub-001_ses-026_acq-undistorted_T2w	1.6084399999999999	0.6048279438374082	0.4878	3873.6407	2.5826971853370524	2.4494791349666354	2.796962458322011	2.501649962722511	0.27322106798561774	0.3466371931155265	0.3801417388988557	0.989141583442688	0.3060385972261428	0.0	0.001843394681675424	8.331507565733933	8.175883384564695	8.213810885841934	240	320	320	1.504984607487643	4.18505324292804	3.938300806049621	6.12486456773318	38.25554672494501	31.14191200336433	31.78176274551709	25.947829508241927	0.7997904419898987	0.800000011920929	0.800000011920929	775.7318	0.0	6.1187	0.0	6964846.0	0.0	30.0	29.0102	-1.288	1797.4658	1756.6373	1694.0	795535.5983490227	50.0	3647.0	1125.5922	34.3879	228.3799	1378.2019	1379.0	1009300.7426854144	887.0	1905.0	329.5058	115.1616	141.5613	1161.367	1149.0	1106855.660663248	901.0	1449.0	187.5959	0.21435617886500716	0.49957324470172165	0.5178089938272122	0.2863775991924184
sub-001_ses-028_acq-original_T2w	1.5363795454545457	0.6098018476569743	0.4869	4203.7891	2.7038916263755417	2.586324961460755	2.9308124563274913	2.594537461338379	0.2672604603885797	0.35195526820148854	0.38078427140993165	0.9588260650634766	0.2578566581010817	0.0	0.003181956888628879	8.346296961728992	8.183054838061935	8.21962481912717	240	320	320	1.627993429807713	4.5447141170648	4.082799063406312	6.075689643346422	22.053008660836092	17.394278932255332	18.018818787173768	14.60916876842988	0.800000011920929	0.800000011920929	0.800000011920929	321.9311	0.0	10.3665	0.0	6822431.0	0.0	33.0	51.7502	-1.1586	1674.5259	1786.5535	1742.0	777199.2988777887	133.0	3624.0	1070.0282	45.5806	195.7255	1372.7847	1374.0	1023493.6633905073	918.0	1852.0	302.3291	119.8288	142.278	1164.6717	1154.0	1107329.0389951544	904.0	1447.0	189.9372	0.22106962931132906	0.5096053536144821	0.5285500742651076	0.28981753657226583
sub-001_ses-028_acq-undistorted_T2w	1.6849462882096071	0.5776078561213535	0.4896	4015.8496	2.5938666280150415	2.4924874628590423	2.807662458162569	2.4814499630235143	0.2684565763102516	0.3476193138156843	0.3839241098740641	0.9585367441177368	0.23118661642074578	0.0	0.001986611077390291	8.357577711392155	8.195843305295181	8.235225315974393	240	320	320	1.5583380516075316	4.027124163496644	3.838578154980315	5.930272249836768	18.874044592532123	14.27518697957777	15.013917501115685	11.892520931237165	0.800000011920929	0.800000011920929	0.800000011920929	261.4479	0.0	11.4768	0.0	6866810.0	0.0	33.0	62.9657	-1.1878	1850.7029	1858.3257	1814.0	779558.4348807791	57.0	3836.0	1164.0599	32.0176	239.3319	1369.8203	1372.0	1009435.3877898906	864.0	1913.0	340.6896	115.007	146.5208	1156.0877	1143.0	1114859.1787914885	891.0	1449.0	192.7398	0.21966329604435708	0.4999340615661916	0.5224852086930717	0.2791866955804407
sub-001_ses-037_acq-original_T2w	1.5818303571428574	0.6113518698244408	0.4869	4145.2786	2.6490374605262654	2.4730999631479387	2.8902874569313606	2.583724961499498	0.2671437867009466	0.35119071647839106	0.3816654968206623	0.9535283744335175	0.3078904300928117	0.0	0.0027814112003848365	8.336223531473161	8.180580711570846	8.221905711507027	240	320	320	1.6523053383711301	4.233053648824462	4.030708835912636	6.206767520542315	33.38674166876229	26.657784816377976	27.418679642360473	22.211512441941142	0.800000011920929	0.800000011920929	0.800000011920929	604.5596	0.0	8.0928	0.0	7075364.0	0.0	32.0	33.0053	-1.1283	1600.9332	1726.3909	1682.0	776982.3611142468	152.0	3462.0	1017.971	37.4973	215.3058	1343.8814	1343.0	1021431.1755498428	869.0	1852.0	317.2649	95.09	139.0242	1129.2818	1119.0	1110066.4647219717	875.0	1405.0	180.287	0.2244892275092766	0.5013841088711946	0.5200658211748279	0.285873884805771
sub-001_ses-037_acq-undistorted_T2w	1.694302953586498	0.5845967769105618	0.4879	3983.431	2.5335582955803724	2.3723999646484857	2.762112458841317	2.4661624632513157	0.26927920369643965	0.3472877421915291	0.3834330541120312	0.9577659964561462	0.27933390140533443	0.0	0.0025065288130048566	8.353025589974541	8.200129860563646	8.245005633439535	240	320	320	1.5932354004365108	3.788405370969298	3.7831462189333345	5.967797885394196	31.86635728378823	24.326148799736927	25.421274317658668	20.07131686945084	0.800000011920929	0.800000011920929	0.800000011920929	585.3256	0.0	8.1042	0.0	7094508.0	0.0	32.0	36.492	-1.1571	1783.4177	1819.2552	1775.0	781578.8499397701	81.0	3686.0	1114.0845	23.9654	258.2358	1354.373	1355.0	1007997.4629092513	818.0	1929.0	357.6701	104.535	143.314	1129.8429	1118.0	1112908.6886323756	868.0	1419.0	187.3387	0.2223517876291129	0.49311074496411883	0.5162334385351512	0.27856347790871544
sub-001_ses-039_acq-original_T2w	1.5133723004694835	0.6287372600260887	0.4789	4312.5556	2.629887460811623	2.4558874634044248	2.8599999573826795	2.5737749616477643	0.26946101357676683	0.3535256197277546	0.3770133666954786	0.9554491639137268	0.3223954737186433	0.0	0.0030290397262705613	8.332928066978363	8.173236904448856	8.210576176276778	240	320	320	1.6080246739513822	4.6004747632568295	4.1569490578580295	6.262347736365878	27.88701847256091	23.309871587647553	23.580848108504714	19.545654265305682	0.800000011920929	0.800000011920929	0.800000011920929	506.496	0.0	8.4155	0.0	6922479.0	0.0	32.0	37.0712	-1.2506	1552.1162	1633.0224	1578.0	784317.4779222691	138.0	3353.0	981.3276	43.9572	187.5738	1316.7538	1319.0	1029003.4864980064	884.0	1770.0	286.7094	93.0695	134.7745	1116.7005	1106.0	1097369.0367469054	870.0	1389.0	176.611	0.21928395730590178	0.5078764005564805	0.5220075151659695	0.3032034802456873
sub-001_ses-039_acq-undistorted_T2w	1.6804391891891892	0.58672924888383	0.4795	4058.2841	2.52256246241089	2.363737464777567	2.7425999591320758	2.4613499633230274	0.2699223892580864	0.3493370140700243	0.38074059667188925	0.9667537808418274	0.304781198501587	0.0	0.0026776531292277863	8.340190161344053	8.18315941425676	8.223814026766577	240	320	320	1.5229805509327063	4.030206901062672	3.845575581764797	5.983539293299014	25.49211312775749	20.599372588566876	21.077219859910333	17.140173863406627	0.800000011920929	0.800000011920929	0.800000011920929	458.8119	0.0	8.5413	0.0	6957487.0	0.0	32.0	42.0445	-1.284	1726.2309	1697.6447	1636.0	784835.2468153667	58.0	3552.0	1074.2087	33.0609	233.7846	1320.2043	1322.0	1015743.8307099491	831.0	1843.0	328.0227	114.466	139.2729	1111.7978	1100.0	1107053.9238443705	858.0	1393.0	183.8376	0.22059424649565773	0.5002734321161874	0.5183427918991561	0.29009954583227054
sub-001_ses-041_acq-original_T2w	1.901017	0.5336696982699822	0.4756	4055.1683	2.659041627043859	2.506712462647074	2.9169499565340584	2.5534624619504442	0.2728226208802772	0.3496959936540628	0.37748138546566	0.9934804439544678	0.43228044509887675	0.0	0.0033052066549957397	8.309786719161355	8.143087223171218	8.180496425402378	240	320	320	1.534577236736697	4.197141822823457	3.8978327858200785	5.961779297900081	28.956385162866177	24.36618124920381	24.686709322226346	20.737561554609048	0.800000011920929	0.800000011920929	0.800000011920929	637.4726	0.0	9.2173	0.0	6874003.0	0.0	37.0	36.1094	-1.3559	1706.8638	1663.3966	1596.0	796051.9378484963	119.0	3418.0	1040.0252	40.364	233.3242	1341.1645	1343.0	1020355.9093009813	856.0	1846.0	319.9795	75.5426	146.8792	1151.2439	1143.0	1101429.1536094437	873.0	1443.0	191.7212	0.21708508634385867	0.5074607531314773	0.5210136958602208	0.3043329730081359
sub-001_ses-041_acq-undistorted_T2w	2.0783147619047617	0.5074994912686702	0.4796	3608.8289	2.535749962214381	2.399362464246713	2.780437458568253	2.4274499638281766	0.27537747039778493	0.345440815119612	0.3791817144826032	1.0217515230178833	0.40393628478050236	0.0	0.0005410321428054401	8.321693498611769	8.159265692977703	8.198957232447457	240	320	320	1.4497323892803236	3.7610008727512247	3.633306544670449	5.689186371979799	26.321970360366247	21.43813489591275	21.956117445172968	18.108247079239913	0.800000011920929	0.800000011920929	0.800000011920929	545.9334	0.0	9.5074	0.0	6912939.0	0.0	37.0	41.3163	-1.373	1895.1408	1740.129	1660.0	802322.7247131942	42.0	3647.0	1145.0382	25.2562	284.2841	1351.0309	1352.0	1006454.9420602974	808.0	1922.0	359.4786	93.4005	152.162	1151.26	1142.0	1104760.3345533155	863.0	1457.0	200.7316	0.21318012656641203	0.4973999195215145	0.5138967623882255	0.2892451885570747
sub-001_ses-042_acq-original_T2w	1.5231633333333332	0.6300014440880263	0.4872	-1.0	2.6768249601121994	2.5514124619809917	2.9140124565778307	2.5650499617777767	0.27003045049684027	0.34933313101463426	0.38063641848852553	0.9684493541717529	0.2728457808494569	0.0	0.003194846068923308	8.302781627192454	8.143918099179574	8.179073737621945	240	320	320	1.5554170968047265	4.633696966159983	4.227038351067924	6.492000990239064	44.212944011254876	36.89532472449001	37.37944203099354	31.030057357235734	0.800000011920929	0.800000011920929	0.800000011920929	856.9944	0.0	5.1925	0.0	6836317.0	0.0	17.0	23.4565	-1.2494	1598.2804	1639.5388	1583.0	789210.7072643703	113.0	3385.0	1017.7328	43.5756	185.7094	1320.9442	1321.0	1020986.5105645279	896.0	1778.0	285.0854	98.463	134.1549	1121.7024	1111.0	1112475.7837243292	885.0	1384.0	171.1336	0.2154509104561694	0.5073799398042415	0.5233243948567086	0.29068946550829555
sub-001_ses-042_acq-undistorted_T2w	1.6117535714285716	0.6069174250022922	0.4896	4119.3633	2.5609791285051036	2.4516749634671964	2.7840124585149817	2.447249963533134	0.2709374706561729	0.34542123022564386	0.3836412991181832	0.9769558310508728	0.245993059873581	0.0	0.0026274574259402207	8.321929764379123	8.165474402566575	8.203742124013608	240	320	320	1.4960633808113435	4.1413884274951025	3.9671862534894475	6.264106952161896	37.47606098498367	30.012322384495015	30.821643437560052	24.97654694320147	0.800000011920929	0.800000011920929	0.800000011920929	809.3442	0.0	5.2171	0.0	6894012.0	0.0	17.0	29.1416	-1.2869	1775.723	1725.946	1667.0	789977.5315494929	42.0	3634.0	1114.2569	30.0942	222.7888	1333.5776	1335.0	1007151.2446675531	857.0	1854.0	322.3555	104.9134	138.244	1123.8578	1111.0	1118590.225795769	879.0	1399.0	177.3596	0.2161666410321702	0.49908978636916324	0.520631655336404	0.28334451653760206
sub-001_ses-043_acq-original_T2w	1.413828426395939	0.6552511475082818	0.4926	-1.0	2.675808293460683	2.556887461899408	2.918012456518226	2.552524961964414	0.2673611167075335	0.3545130636442001	0.37812581964826636	0.9836625158786774	0.3504425138235092	0.0	0.0026968428179386652	8.344570874940327	8.180804259793181	8.212943485847479	240	320	320	1.5893381052267064	5.2624366500057445	4.581701507257477	6.893329766539979	29.17185621469736	24.757570180921523	24.99550332884135	21.057083590905176	0.800000011920929	0.800000011920929	0.800000011920929	676.641	0.0	4.69	0.0	6804217.0	0.0	17.0	34.877	-1.2904	1540.9718	1597.1095	1553.0	778046.5167900594	98.0	3249.0	977.1357	51.9339	154.0053	1316.0404	1318.0	1031667.0491269326	935.0	1712.0	250.4542	109.2987	124.5189	1131.255	1121.0	1100382.4359678482	906.0	1381.0	162.6209	0.21531469525589791	0.5140537170895724	0.5280052428268196	0.312908819817579
sub-001_ses-043_acq-undistorted_T2w	1.4468523584905661	0.6463426189702803	0.5003	-1.0	2.5559874619128187	2.4536874634372077	2.7855249584924433	2.4287499638088055	0.2700168276077197	0.3496059948993443	0.38037717749293615	1.0027494430541992	0.3246588170528413	0.0	0.0022746741939826576	8.355943249491627	8.197842426652183	8.231635271794689	240	320	320	1.5092831026400089	4.730508395729379	4.31824858566182	6.71495425861607	27.3533102431262	22.514270255980968	22.927428056053014	18.91470366905188	0.800000011920929	0.800000011920929	0.800000011920929	598.6666	0.0	4.5555	0.0	6836968.0	0.0	17.0	38.5849	-1.3084	1690.8495	1661.8351	1611.0	784642.7100381209	28.0	3463.0	1067.3935	44.5854	181.4458	1323.8616	1326.0	1015921.1102276958	903.0	1771.0	280.308	125.5527	125.2869	1126.0898	1114.0	1105339.1821131662	897.0	1383.0	165.8983	0.2121402515264779	0.5045515451751406	0.5208266788862927	0.2990224614753324
sub-001_ses-044_acq-original_T2w	1.5501285000000002	0.6180159894007401	0.483	-1.0	2.6508901165399283	2.5191454305856165	2.8981499568142004	2.535374962219969	0.2692761382985099	0.34994673378570074	0.3807771279157893	0.9616664052009583	0.2991740107536316	0.0	0.0017796194757726408	8.31351625840669	8.150533452564046	8.183922825777746	240	320	320	1.5608703647229973	4.83724428711421	4.36361282816704	6.69272383266391	42.12311003749639	34.90575473512162	35.56187794442842	29.656769060667244	0.7998148798942566	0.800000011920929	0.800000011920929	936.9079	0.0	5.3799	0.0	6984705.0	0.0	18.0	24.9624	-1.2781	1626.4838	1661.4647	1605.0	786379.7631036211	111.0	3405.0	1028.2718	47.7596	179.955	1329.4438	1330.0	1021965.8947582587	918.0	1767.0	274.9498	109.5076	130.0707	1140.0016	1130.0	1112001.3438166296	906.0	1397.0	168.84	0.21440989429945465	0.5088877176996871	0.5240775153773647	0.2996977293228506
sub-001_ses-044_acq-undistorted_T2w	1.6667409523809524	0.5915648489473811	0.4892	4263.6306	2.5376034056851617	2.4213227944146762	2.7708874587105594	2.4205999639302496	0.27099539627754426	0.3458752132458903	0.3831293904765654	0.9744300246238708	0.27603692114353184	0.0	0.00264085980567917	8.327699126799589	8.16761760464232	8.20381098094759	240	320	320	1.486801027030787	4.33430837603574	4.1082347483436275	6.503594841964354	37.92245141167724	30.28812278220578	31.247133401338193	25.53082601013157	0.7998148798942566	0.800000011920929	0.800000011920929	799.2988	0.0	5.2928	0.0	7043678.0	0.0	18.0	28.9195	-1.3107	1802.481	1735.2391	1674.0	790025.8334839186	37.0	3634.0	1125.9065	34.527	217.3989	1335.8738	1337.0	1008321.0171812618	879.0	1829.0	308.4689	124.6548	132.6167	1137.9821	1127.0	1116927.1515352149	899.0	1404.0	173.2887	0.21354800188172043	0.501093065911155	0.5207080718360962	0.2889827497962135
sub-001_ses-045_acq-original_T2w	1.4605009302325582	0.64440770795761	0.4859	-1.0	2.708354126309045	2.5981999612838034	2.9238999564304953	2.602962461212837	0.2704570068028794	0.349054786593127	0.3804882066039937	0.9669815897941589	0.26982705295085907	0.0	0.002334181698853139	8.30273128243622	8.13951635079746	8.17289919783877	240	320	320	1.5828885551884881	4.7861648552418075	4.304935175796497	6.545752116959196	35.36576843738274	27.970356579565557	28.95503432227306	23.528977949870878	0.800000011920929	0.800000011920929	0.800000011920929	845.476	0.0	3.9419	0.0	6955611.0	0.0	17.0	31.7141	-1.1883	1679.9205	1756.1945	1712.0	791089.4499510778	108.0	3589.0	1081.5663	53.2775	175.7336	1352.462	1354.0	1020988.7419555953	932.0	1805.0	282.8986	94.0312	138.2741	1151.1842	1139.0	1112931.8098776685	911.0	1422.0	174.0059	0.21061357721269292	0.5065867493731216	0.5251554788014504	0.2838377162304859
sub-001_ses-045_acq-undistorted_T2w	1.612979185520362	0.6058983098812106	0.4925	-1.0	2.592483294702322	2.501162462729775	2.7921124583942825	2.4841749629829084	0.26964727331847527	0.34378906478313526	0.3865636618983895	0.9702494144439697	0.23639805316925044	0.0	0.002439485365757457	8.321437541059229	8.16105492837038	8.198130078961688	240	320	320	1.52354653943418	4.189426513949822	4.052370004648674	6.44413696056202	33.439214368976856	25.273165410583413	26.602668751803336	21.09562647584973	0.800000011920929	0.800000011920929	0.800000011920929	759.7858	0.0	3.7128	0.0	6990150.0	0.0	16.0	34.658	-1.2305	1833.6509	1809.9749	1769.0	786825.0815596385	30.0	3780.0	1161.1059	30.925	219.3639	1334.7535	1337.0	1003169.2722433638	867.0	1851.0	319.1366	109.0157	137.1045	1130.6287	1116.0	1127984.6484557535	892.0	1403.0	173.1806	0.2137611943907065	0.49617610081890995	0.5213065124856862	0.27621383616882145
sub-001_ses-046_acq-original_T2w	1.5326578431372548	0.6239191075544712	0.4778	-1.0	2.6624791269926362	2.5398874621527274	2.897012456831151	2.5505374619940304	0.2692100100982766	0.34844496018672244	0.38234502971500084	0.9744782447814941	0.29463596343994136	0.0	0.0028442095968573187	8.32262107686915	8.157498108017636	8.189892268567416	240	320	320	1.5666468199932668	4.815724110218077	4.348911598842455	6.664363866316021	39.44152826150933	31.84837948937809	32.760826833991565	26.992572751087263	0.800000011920929	0.800000011920929	0.800000011920929	862.9486	0.0	5.301	0.0	6986895.0	0.0	18.0	27.5233	-1.2562	1672.0039	1703.8396	1657.0	785598.6912023677	100.0	3466.0	1057.6723	52.2093	178.7554	1336.8847	1338.0	1016819.1910056416	925.0	1779.0	277.8397	106.4342	133.9068	1145.8194	1134.0	1115745.1196639508	912.0	1407.0	170.1587	0.2142724370834416	0.5092849349093445	0.5277497200430731	0.2939841704810932
sub-001_ses-046_acq-undistorted_T2w	1.5954383561643835	0.6093531916736541	0.484	4186.927	2.5499166286699477	2.4444749635744847	2.769524958730862	2.4357499637044975	0.2711183531129836	0.34409909233776603	0.3847825545492504	0.9818041920661926	0.26890408992767334	0.0	0.002323244269714183	8.341848841890526	8.181711514572878	8.216728722744431	240	320	320	1.4980421350363946	4.325341890166965	4.089075701711309	6.443843079930566	36.94474313143927	28.763208320324694	29.935042733374956	24.09717674836091	0.800000011920929	0.800000011920929	0.800000011920929	815.5816	0.0	5.1116	0.0	7029883.0	0.0	18.0	30.7488	-1.2851	1852.6818	1785.8948	1734.0	789280.0213103881	29.0	3710.0	1157.5101	37.6869	213.5254	1348.6601	1350.0	1001741.6224863862	891.0	1849.0	312.1139	122.8563	135.8756	1144.65	1131.0	1120179.3584513846	905.0	1416.0	175.5163	0.21200577480593344	0.499517867962314	0.5220862180331965	0.2837883724365374
sub-001_ses-047_acq-original_T2w	1.4498495000000002	0.6386730618840696	0.4952	-1.0	2.6826082933593547	2.573687461649068	2.9172374565297745	2.556899961899221	0.2649289530704582	0.3542358967007075	0.3808351502288344	0.9882593750953674	0.33857765793800354	0.0	0.0027755054090077068	8.36921955458504	8.20222655161738	8.235412075672299	240	320	320	1.6507555100944455	4.9852964576153225	4.424147561974967	6.636390718215132	36.76413251100609	28.930238728648852	30.07038289415624	24.516777442813787	0.800000011920929	0.800000011920929	0.800000011920929	968.6444	0.0	4.6714	0.0	6978144.0	0.0	18.0	29.6881	-1.105	1540.5567	1695.6521	1666.0	768894.2933602948	116.0	3389.0	1009.2342	63.665	161.7273	1309.3445	1311.0	1028086.7995734075	915.0	1721.0	262.9732	113.237	128.2426	1122.1413	1111.0	1105284.9087584813	892.0	1377.0	167.4102	0.21734998018512436	0.5118447715433484	0.5278037707168942	0.2883034202450626
sub-001_ses-047_acq-undistorted_T2w	1.5177473933649288	0.6289450172749544	0.4946	-1.0	2.5675374617407107	2.4753499631144114	2.789274958436564	2.437987463671156	0.26772304815004655	0.349495031571479	0.38278192027847446	1.0004400610923767	0.3189636468887329	0.0	0.0018867765133918927	8.377872622521062	8.215383097353904	8.25090432271002	240	320	320	1.5802833252577155	4.514400272938987	4.221758295381507	6.570591287947819	31.865220795451343	24.064880288231485	25.368010459650407	20.173930295268384	0.800000011920929	0.800000011920929	0.800000011920929	802.6125	0.0	2.8135	0.0	6987728.0	0.0	14.0	35.527	-1.1483	1691.7529	1757.2374	1728.0	776162.85028362	41.0	3580.0	1093.4741	44.2793	191.3142	1302.6787	1305.0	1013230.1336732546	871.0	1764.0	289.0748	114.0897	128.9305	1106.0118	1094.0	1109733.0182564876	874.0	1367.0	166.4994	0.2145634658553767	0.5013361927134362	0.5210744802093767	0.28042761988624465
sub-001_ses-048_acq-original_T2w	1.4140733990147785	0.6549072755522672	0.4909	-1.0	2.69556965617644	2.5868215504840295	2.904474956719951	2.5954124613253406	0.26712055309568816	0.3532154092522704	0.37966403765204154	0.9758798480033875	0.33221344947814935	0.0	0.00282892241143991	8.349577221869168	8.184619308248795	8.217036266240278	240	320	320	1.6065735337673277	5.082385919689882	4.486274774044962	6.769864868677676	42.47584530900015	34.17152096807845	35.19451744485866	28.936186057497373	0.8007471561431885	0.800000011920929	0.800000011920929	1035.8768	0.0	4.0512	0.0	6975029.0	0.0	17.0	25.4029	-1.183	1585.5916	1687.745	1647.0	777114.8600646015	107.0	3422.0	1025.1625	60.5808	158.2126	1323.5831	1325.0	1027584.5125081461	931.0	1736.0	260.7042	101.5307	128.8443	1133.1642	1122.0	1104529.629308747	903.0	1389.0	165.7344	0.21278850374429967	0.5107156759664335	0.526359777694799	0.29363245725241793
sub-001_ses-048_acq-undistorted_T2w	1.4688536697247707	0.6394642804471599	0.4957	-1.0	2.581125203895963	2.4887006899886472	2.77764995860979	2.477024963089452	0.2697925227123412	0.34834954327735773	0.38185793401030094	0.9950212836265564	0.3038704991340637	0.0	0.002629346003665767	8.358673802794863	8.198416886949747	8.232549495709515	240	320	320	1.5328761714727999	4.577718361459277	4.218165333775295	6.54390146839381	40.589980281659784	31.57782813796373	32.872001422306504	26.448195847296002	0.8007471561431885	0.800000011920929	0.800000011920929	960.0497	0.0	3.8281	0.0	7009017.0	0.0	17.0	27.8421	-1.2228	1758.6064	1769.4163	1725.0	783983.6173292352	30.0	3677.0	1125.3348	47.4628	189.4121	1340.0053	1342.0	1012260.578195325	903.0	1808.0	293.159	120.9265	130.798	1136.2895	1124.0	1109631.806699326	899.0	1403.0	171.7629	0.2105450345281507	0.501360273528392	0.5203719802697354	0.28507673179881354
sub-001_ses-excl029_acq-original_T2w	1.41605223880597	0.6568404205969464	0.4969	-1.0	2.734799959248305	2.6028999612137684	2.9728124557016424	2.628687460829504	0.26672408320757823	0.35485072093936	0.3784251958530617	0.968592643737793	0.3668038696050644	0.0	0.002990317816908734	8.345360359791297	8.181938866038093	8.215223608820938	240	320	320	1.6287282431937915	5.160948052738789	4.505717168394678	6.727475209251455	50.83214072841961	42.71581291491241	43.25474570465392	36.21628347062975	0.800000011920929	0.800000011920929	0.800000011920929	1242.4748	0.0	4.337	0.0	6614218.0	0.0	18.0	20.2603	-1.2488	1519.4576	1615.7956	1572.0	775907.2933269879	115.0	3226.0	965.1696	50.3133	157.8433	1318.0424	1321.0	1032269.973929997	927.0	1723.0	255.9606	104.5062	126.7832	1130.3906	1120.0	1100848.7344300747	899.0	1386.0	166.4814	0.21776905198057317	0.5145741410999999	0.5283575604879505	0.3104048235188229
sub-001_ses-excl029_acq-undistorted_T2w	1.5145834123222748	0.6300069185215361	0.5002	4361.3894	2.608720794460364	2.494812462824397	2.8314499578081076	2.4998999627485876	0.2694404922063399	0.3504886885836608	0.38007081920999936	0.9891363680362701	0.3412119001150129	0.0	0.0021969867819889894	8.358598662087429	8.198199717786107	8.232863139866492	240	320	320	1.5441083962905457	4.6409125978745704	4.248500822506343	6.56048147335391	38.64840224597775	31.38561524673361	32.14805067847244	26.41013454270597	0.800000011920929	0.800000011920929	0.800000011920929	889.8877	0.0	4.4631	0.0	6652571.0	0.0	18.0	27.783	-1.2707	1680.566	1688.5166	1639.0	782563.5050026095	43.0	3450.0	1061.4533	44.8042	190.0774	1329.088	1331.0	1017960.0488249994	898.0	1785.0	286.7969	110.2475	129.4997	1131.6097	1120.0	1103878.4482416103	893.0	1396.0	170.7191	0.21404853786064404	0.5054851505819027	0.5210862370838607	0.2977925661202148
sub-001_ses-pilot017_run-1_T2w	1.6665430769230771	0.5729176832612539	0.5268	-1.0	2.3160210790095963	2.0620800000000004	2.4623999999999997	2.423583237028788	0.2692060344528825	0.3553872573391044	0.37540670820801303	0.9812435507774353	0.34130034446716306	0.0	0.0009325914391390583	5.41501647270851	5.2492540097688	5.282301908469154	288	320	240	1.5469693543113485	4.917581573661757	4.3188920205800265	6.492125133766975	8.867125067290655	7.851038783763677	7.805748116087088	6.69908049720693	0.71875	0.71875	0.7200000286102295	30.9135	0.0	37.9322	0.0	8376334.0	0.0	243.0	110.8995	-1.3848	1558.3116	1539.842	1501.0	1077661.9074786026	63.0	3179.0	970.2838	31.0324	188.8394	1326.5834	1329.0	1422654.9951452897	905.0	1759.0	270.2547	47.1167	136.1365	1141.1892	1134.0	1502795.0991883075	881.0	1418.0	174.6731	0.21696297138998855	0.5092376155127138	0.5184288928379214	0.31847866988199014
sub-001_ses-pilot017_run-2_T2w	1.6502469194312794	0.5801433123382024	0.5276	5492.7224	2.273956538776844	2.0079304347826086	2.453022608695652	2.360916572852271	0.2718592772577201	0.35165776227715895	0.3764829604651209	0.9986086785793304	0.3120028078556061	0.0	0.0012305485680848814	5.428987356352824	5.267952163898386	5.302153077027382	288	320	240	1.4858661171625815	4.569781550124412	4.135858736846655	6.351928543252972	8.519627849871084	7.343185982355166	7.350481745874645	6.188631405397684	0.71875	0.71875	0.7200000286102295	34.1292	0.0	39.6566	0.0	8438202.0	0.0	255.0	119.7291	-1.3932	1693.1212	1606.3021	1557.0	1085717.8716641786	0.0	3363.0	1047.8732	29.8706	209.0314	1340.5302	1342.0	1404407.1663289266	890.0	1813.0	293.6682	56.2006	139.1707	1141.392	1131.0	1503550.9645915998	881.0	1427.0	178.0561	0.21291423316997496	0.4989078722507809	0.5112687525828665	0.30889695235685566
sub-001_ses-pilot017_run-3_T2w	1.740138144329897	0.5494592784903476	0.5259	-1.0	2.3438507643404196	2.330281739130435	2.227895652173913	2.4733749017169115	0.2689115492590051	0.3547881954687828	0.37630025527221206	0.9767751097679138	0.3546651035547257	0.0	0.000875137724380825	5.413050676644031	5.245339990071824	5.278431501023446	320	288	240	1.5596919233209117	4.789028368771752	4.244364547017292	6.384373348959212	7.9578826569470555	6.791067707889867	6.849067281381013	5.798251479306118	0.71875	0.71875	0.7200000286102295	36.4709	0.0	40.393	0.0	8253866.0	0.0	263.0	128.0161	-1.3044	1592.2333	1593.9723	1555.0	1077215.0275862599	59.0	3231.0	996.9913	35.6251	200.1519	1326.0494	1327.0	1421222.616961982	894.0	1767.0	277.0916	52.701	137.4349	1139.5839	1133.0	1507396.3575783395	874.0	1419.0	177.4645	0.2171166018906463	0.5098768350045261	0.5191000960501962	0.3024360337992159
sub-001_ses-pilot017_run-4_T2w	1.7940763546798029	0.5441915309268821	0.5281	-1.0	2.2974522789103164	2.29696	2.188633043478261	2.406763793252688	0.2715151457617215	0.3512380668448334	0.3772467873934451	1.0011024475097656	0.32668272256851194	0.0	0.0016518124119077897	5.425952872494655	5.261145885372489	5.295797471870326	320	288	240	1.5038746782400252	4.425912535466214	4.040072027063916	6.190428867485509	8.019333303222773	6.635133183341918	6.757170150432863	5.6170439647339	0.71875	0.71875	0.7200000286102295	39.0004	0.0	40.074	0.0	8292271.0	0.0	257.0	130.6297	-1.3227	1710.2113	1646.6645	1599.0	1085190.3777383761	0.0	3404.0	1063.253	29.5561	223.5633	1322.3964	1323.0	1403826.5503241704	863.0	1801.0	298.9213	68.6319	140.6342	1128.6482	1120.0	1507778.0746395367	863.0	1416.0	180.9244	0.21213897443170301	0.4983782559274595	0.5100541013976649	0.297529649455629
sub-001_ses-pilot019_T2w	1.6166288990825688	0.6038057386568709	0.5027	4122.2985	2.580512461547368	2.489612462901883	2.7910624584099284	2.460862463330292	0.26561099929272347	0.34717991898669576	0.38720908172058066	1.008665680885315	0.36763996779918684	0.0	0.002782477331836727	8.358071682013966	8.200938653557337	8.239602773808103	240	320	320	1.54028920201202	4.157724232086117	4.058612558258411	6.477824240677096	38.32716392225224	30.127252213021873	31.20077825852	25.147918640285887	0.800000011920929	0.800000011920929	0.800000011920929	1044.0359	0.0	4.5037	0.0	6860284.0	0.0	18.0	28.6825	-1.2384	1729.9188	1719.9144	1678.0	771244.0347518567	34.0	3522.0	1089.4051	37.2052	219.6949	1319.6554	1319.0	1008092.4442779934	855.0	1828.0	317.2407	104.5808	132.7302	1112.9116	1101.0	1124323.5230240829	879.0	1377.0	169.9644	0.22186326638853138	0.49762107063126787	0.5196377066983011	0.2836329757025425
sub-001_ses-pilot021_acq-original_T2w	1.520295238095238	0.6239498894810328	0.4905	4378.2599	2.7147231537282157	2.6027320437585	2.941762456164323	2.5996749612618246	0.2696782349773652	0.3491072007334183	0.3812145642892166	0.9722998142242432	0.39711807668209076	0.0	0.0037744742354308535	8.332828674647097	8.174367421942122	8.209442295926793	240	320	320	1.5876963770030394	4.6286613577787605	4.223317036835053	6.453593375723358	51.70522723304066	42.77169511943885	43.50008862510423	36.02334352283317	0.8006202578544617	0.800000011920929	0.800000011920929	1338.0494	0.0	4.5862	0.0	6888406.0	0.0	20.0	20.387	-1.2356	1594.7715	1649.4043	1609.0	785339.6969733071	108.0	3337.0	1013.4173	48.2594	184.5655	1332.6104	1331.0	1016647.6477354347	903.0	1795.0	287.556	108.9708	134.6965	1130.349	1121.0	1110148.657068423	889.0	1393.0	173.7016	0.2190073964787725	0.5071122571966976	0.5256049687647403	0.2949481839111728
sub-001_ses-pilot021_acq-undistorted_T2w	1.594667111111111	0.6068209250464595	0.4956	3939.5237	2.5918010708271573	2.4947157911698468	2.810549958119542	2.4701374631920836	0.2714610395886847	0.34445733834702347	0.38408162206429186	0.9958595037460327	0.3817537069320679	0.0	0.0031327445301400788	8.336814740157111	8.183123383992127	8.220821506978208	240	320	320	1.5135475881343396	4.148188814561813	3.994455510091664	6.321630127578841	40.38528441733923	32.2029578351532	33.13603016470073	26.819848241609755	0.8006202578544617	0.800000011920929	0.800000011920929	1102.7377	0.0	4.7616	0.0	6920778.0	0.0	19.0	27.383	-1.2671	1774.259	1734.9323	1688.0	790105.5442572581	29.0	3574.0	1115.2599	36.598	221.3647	1348.4467	1346.0	1002566.162718791	871.0	1874.0	324.4788	115.7165	137.4354	1132.181	1121.0	1117895.2953990202	887.0	1403.0	177.3276	0.21646969897080412	0.497522063613448	0.5200833581467031	0.283624698411974
sub-BH07035_ses-pilot001_acq-original_T2w	1.540709375	0.6284654561772677	0.4633	-1.0	2.7018316254516193	2.6059199583049084	2.951249956022949	2.548324962026999	0.26956423942132773	0.34150036517675675	0.3889353954019156	0.9583027362823486	0.309143778681755	0.0	0.0027527691521619067	8.275162238346947	8.121583053262245	8.158555500525528	240	320	320	1.6753533740143214	4.312712221794557	4.202018658405335	6.617990379407128	44.65112858310367	33.5443782495486	35.38720229592321	27.96610005511736	0.800769031047821	0.800000011920929	0.800000011920929	857.9699	0.0	1.8821	0.0	8186661.0	0.0	0.0	26.3075	-1.0782	1611.0879	1794.7548	1793.0	790492.8197358428	101.0	3597.0	1070.2213	30.4378	206.7565	1351.5019	1347.0	1001444.3577119224	898.0	1876.0	312.3323	110.3063	138.3624	1135.267	1123.0	1140546.8250029676	900.0	1400.0	169.6889	0.2151503482283413	0.4922452742724428	0.514285112092586	0.2827563646015747
sub-BH07035_ses-pilot001_acq-undistorted_T2w	1.4872431451612902	0.634300352026202	0.4727	-1.0	2.7112707401906206	2.626887302631437	2.9415749561671176	2.5653499617733067	0.2704198599201751	0.3367201924822629	0.3928599475975619	1.0026253461837769	0.35724076628685	0.0	0.0024771980792112945	8.364687284027763	8.22150467778186	8.263666367448936	240	320	320	1.6473662450917101	3.8745071293850843	4.049790163468013	6.627497115927245	43.510073150065566	31.394510165981664	33.52893761184689	25.68222951949344	0.800769031047821	0.800000011920929	0.800000011920929	800.5009	0.0	1.8611	0.0	8226676.0	0.0	0.0	28.4429	-1.0759	1726.4285	1877.9274	1889.0	784420.4094461929	30.0	3759.0	1146.6781	20.6371	232.9067	1370.2538	1363.0	976741.0993175791	863.0	1969.0	351.7865	110.7984	135.9296	1129.0731	1115.0	1139588.494130782	897.0	1396.0	168.2384	0.21554241858567952	0.4820754054171114	0.5133335221266007	0.274267403086578
